{
  "Alaska": [
    64.4459613,
    -149.680909
  ],
  "Arkansas": [
    35.2048883,
    -92.4479108
  ],
  "Atlanta GA": [
    33.7489924,
    -84.3902644
  ],
  "Austin TX": [
    30.2711286,
    -97.7436995
  ],
  "Baltimore MD": [
    39.2908816,
    -76.610759
  ],
  "Baton Rouge LA": [
    28.2973129,
    -82.5022781
  ],
  "Beaumont TX": [
    30.0829344,
    -94.0984277
  ],
  "Birmingham AL": [
    33.5712655,
    -86.7657858
  ],
  "Charleston SC": [
    32.7884363,
    -79.9399309
  ],
  "Cleveland OH": [
    41.4996574,
    -81.6936772
  ],
  "Columbus OH": [
    39.9622601,
    -83.0007065
  ],
  "Corpus Christi TX": [
    27.7635302,
    -97.4033191
  ],
  "Dayton OH": [
    39.7589478,
    -84.1916069
  ],
  "Denver CO": [
    39.775168,
    -105.024387
  ],
  "Detroit MI": [
    42.3315509,
    -83.0466403
  ],
  "Fort Wayne IN": [
    41.0799898,
    -85.1386015
  ],
  "Fresno CA": [
    36.738324,
    -119.782872
  ],
  "Grand Rapids MI": [
    42.9632425,
    -85.6678639
  ],
  "Greenville SC": [
    34.851354,
    -82.3984882
  ],
  "Hartford CT": [
    42.314387,
    -71.0728165
  ],
  "Houston TX": [
    29.7589382,
    -95.3676974
  ],
  "Idaho": [
    43.6447642,
    -114.015407
  ],
  "Indianapolis IN": [
    39.7683331,
    -86.1583502
  ],
  "Iowa": [
    41.9216734,
    -93.3122705
  ],
  "Knoxville TN": [
    35.9603948,
    -83.9210261
  ],
  "Laredo TX": [
    27.5075005,
    -99.5069922
  ],
  "Los Angeles CA": [
    34.0536909,
    -118.242766
  ],
  "Maine": [
    45.709097,
    -68.8590201
  ],
  "Miami FL": [
    25.7741728,
    -80.19362
  ],
  "Milwaukee WI": [
    43.0386475,
    -87.9090751
  ],
  "Mississippi": [
    32.9715285,
    -89.7348497
  ],
  "Mobile AL": [
    -33.283818,
    151.5646973
  ],
  "Montana": [
    47.3752671,
    -109.638757
  ],
  "Nashville TN": [
    36.1622767,
    -86.7742984
  ],
  "New Mexico": [
    34.5802074,
    -105.996047
  ],
  "North Dakota": [
    47.6201461,
    -100.540737
  ],
  "Oklahoma City OK": [
    35.4729886,
    -97.5170536
  ],
  "Orlando FL": [
    28.5479786,
    -81.4127842
  ],
  "Phoenix AZ": [
    33.4484367,
    -112.074141
  ],
  "Raleigh-Durham NC": [
    35.8803614,
    -78.7872382
  ],
  "Rest of AL": [
    31.9651938,
    -85.1475624
  ],
  "Rest of AZ": [
    31.9495268,
    -110.2910007
  ],
  "Rest of CA": [
    45.2277908,
    -80.1916199
  ],
  "Rest of CO": [
    38.8163207,
    -104.794187
  ],
  "Rest of CT": [
    34.9606824,
    -82.4368605
  ],
  "Rest of DE": [
    50.0837255,
    8.2480692
  ],
  "Rest of FL": [
    30.2006595,
    -82.6533704
  ],
  "Rest of GA": [
    51.4448632,
    -2.5987693
  ],
  "Rest of IL": [
    41.7509986,
    -87.5842948
  ],
  "Rest of IN": [
    12.9118942,
    77.6391649
  ],
  "Rest of KS": [
    38.3475986,
    -97.1768565
  ],
  "Rest of KY": [
    37.752578,
    -82.65375
  ],
  "Rest of LA": [
    35.2392387,
    -83.4154302
  ],
  "Rest of MA": [
    40.7836831,
    -73.9581906
  ],
  "Rest of MD": [
    39.298674,
    -76.7816534
  ],
  "Rest of MI": [
    40.7836831,
    -73.9581906
  ],
  "Rest of MN": [
    38.3475986,
    -97.1768565
  ],
  "Rest of MO": [
    38.1436855,
    -90.9201001
  ],
  "Rest of NC": [
    36.0081037,
    -81.524437
  ],
  "Rest of NE": [
    19.9279622,
    110.2152546
  ],
  "Rest of NH": [
    51.524094,
    -0.710398
  ],
  "Rest of NY": [
    40.7836831,
    -73.9581906
  ],
  "Rest of OH": [
    41.0832267,
    -81.5108361
  ],
  "Rest of OR": [
    42.4121184,
    -123.1284955
  ],
  "Rest of PA": [
    31.9651938,
    -85.1475624
  ],
  "Rest of SC": [
    34.5213214,
    -82.5489076
  ],
  "Rest of TN": [
    46.3580059,
    11.7002477
  ],
  "Rest of TX": [
    34.2227353,
    -100.4365049
  ],
  "Rest of UT": [
    2.7228407,
    -58.6401331
  ],
  "Rest of VA": [
    42.4259586,
    -77.4420963
  ],
  "Rest of WA": [
    -22.3081,
    114.13229
  ],
  "Rest of WI": [
    43.0627382,
    -87.9785224
  ],
  "Richmond VA": [
    -32.8652,
    151.5012
  ],
  "Rochester NY": [
    43.157285,
    -77.615214
  ],
  "Sacramento CA": [
    38.5810606,
    -121.493895
  ],
  "Salt Lake City UT": [
    40.7596198,
    -111.886797
  ],
  "San Antonio TX": [
    29.4246002,
    -98.4951405
  ],
  "San Diego CA": [
    32.7166921,
    -117.169295
  ],
  "San Francisco CA": [
    37.7792588,
    -122.4193286
  ],
  "Savannah GA": [
    43.4129063,
    -79.7028082
  ],
  "Seattle WA": [
    47.6038321,
    -122.330062
  ],
  "South Dakota": [
    44.6471761,
    -100.348761
  ],
  "Tampa FL": [
    27.9529744,
    -82.4508736
  ],
  "Tucson AZ": [
    32.2228765,
    -110.974847
  ],
  "Tulsa OK": [
    36.1563122,
    -95.9927516
  ],
  "Vermont": [
    44.5990718,
    -72.5002608
  ],
  "West Virginia": [
    38.4758406,
    -80.8408415
  ],
  "Wichita KS": [
    37.6922361,
    -97.3375448
  ],
  "Wyoming": [
    43.1700264,
    -107.568534
  ]
}